Designator,Qty,Manufacturer Part Number,Description
U1,1,NPM1100-QFN24,Nordic nPM1100 Power Management IC (QFN24)
C1,1,GRM21BR71A106KA01L,10uF 16V X5R 0805 Ceramic Capacitor
C2,1,GRM21BR71A105KA01L,1uF 16V X5R 0805 Ceramic Capacitor
C3,1,GRM21BR71A475KA12L,4.7uF 16V X5R 0805 Ceramic Capacitor
R1,1,ERJ-3GEYJ102V,1k 0805 Resistor
R2,1,ERJ-3GEYJ499V,49.9k 0805 Resistor (battery divider)
R3,1,ERJ-3GEY0R00V,0 Ohm 0805 Jumper
LED1,1,LTST-C170KRKT,Red LED 0805
LED2,1,LTST-C190GKT,Green LED 0805
J1,1,SM04B-SRSS-TB,2-pin JST Battery Connector (top mount)
J2,1,HEADER-2,2-pin 2.54mm input header
TP1,1,TESTPOINT,Test Point for 3.0V Output
TP2,1,TESTPOINT,Test Point for BAT
